Train project, Ant r0, n0, r1, n1, ArgoUML r0, n0, r1, n1, Columba r0, n0, r1, n1, EMF r0, n0, r1, n1, Hibernate r0, n0, r1, n1, JEdit r0, n0, r1, n1, JFreeChart r0, n0, r1, n1, JMeter r0, n0, r1, n1, JRuby r0, n0, r1, n1, SQuirrel r0, n0, r1, n1, Dubbo r0, n0, r1, n1, Gradle r0, n0, r1, n1, Groovy r0, n0, r1, n1, Hive r0, n0, r1, n1, Maven r0, n0, r1, n1, Poi r0, n0, r1, n1, SpringFramework r0, n0, r1, n1, Storm r0, n0, r1, n1, Tomcat r0, n0, r1, n1, Zookeeper r0, n0, r1, n1, 
Ant, 3015, 3052, 3015, 3052, 4911, 5426, 2603, 3052, 4041, 4090, 2788, 3052, 2550, 2585, 2861, 3052, 2355, 2492, 2799, 3052, 4548, 4644, 2751, 3052, 2425, 2494, 2825, 3052, 4059, 4148, 2816, 3052, 3536, 3652, 2784, 3052, 4357, 4473, 2782, 3052, 1616, 1649, 2814, 3052, 3165, 3324, 2877, 3052, 4293, 4435, 2889, 3052, 28477, 29340, 2855, 3052, 1159, 1219, 2780, 3052, 14702, 15033, 2897, 3052, 7609, 7712, 2936, 3052, 3566, 3639, 2825, 3052, 11919, 12218, 2802, 3052, 2657, 2691, 2905, 3052, 
ArgoUML, 3015, 3052, 4769, 5426, 4911, 5426, 4911, 5426, 4041, 4090, 4799, 5426, 2550, 2585, 5013, 5426, 2355, 2492, 4789, 5426, 4548, 4644, 4847, 5426, 2425, 2494, 4911, 5426, 4059, 4148, 4880, 5426, 3536, 3652, 4768, 5426, 4357, 4473, 4889, 5426, 1616, 1649, 4545, 5426, 3165, 3324, 4515, 5426, 4293, 4435, 4678, 5426, 28477, 29340, 4827, 5426, 1159, 1219, 4456, 5426, 14702, 15033, 4786, 5426, 7609, 7712, 4911, 5426, 3566, 3639, 4877, 5426, 11919, 12218, 4693, 5426, 2657, 2691, 4831, 5426, 
Columba, 3015, 3052, 3966, 4090, 4911, 5426, 3750, 4090, 4041, 4090, 4041, 4090, 2550, 2585, 3956, 4090, 2355, 2492, 3933, 4090, 4548, 4644, 3880, 4090, 2425, 2494, 3885, 4090, 4059, 4148, 3982, 4090, 3536, 3652, 3883, 4090, 4357, 4473, 3918, 4090, 1616, 1649, 3917, 4090, 3165, 3324, 3907, 4090, 4293, 4435, 3971, 4090, 28477, 29340, 3950, 4090, 1159, 1219, 3895, 4090, 14702, 15033, 3944, 4090, 7609, 7712, 4025, 4090, 3566, 3639, 3947, 4090, 11919, 12218, 3919, 4090, 2657, 2691, 4018, 4090, 
EMF, 3015, 3052, 2503, 2585, 4911, 5426, 2193, 2585, 4041, 4090, 2337, 2585, 2550, 2585, 2550, 2585, 2355, 2492, 2266, 2585, 4548, 4644, 2295, 2585, 2425, 2494, 2412, 2585, 4059, 4148, 2403, 2585, 3536, 3652, 2415, 2585, 4357, 4473, 2383, 2585, 1616, 1649, 2401, 2585, 3165, 3324, 2477, 2585, 4293, 4435, 2482, 2585, 28477, 29340, 2365, 2585, 1159, 1219, 2332, 2585, 14702, 15033, 2448, 2585, 7609, 7712, 2519, 2585, 3566, 3639, 2436, 2585, 11919, 12218, 2407, 2585, 2657, 2691, 2446, 2585, 
Hibernate, 3015, 3052, 2274, 2492, 4911, 5426, 2006, 2492, 4041, 4090, 2194, 2492, 2550, 2585, 2300, 2492, 2355, 2492, 2355, 2492, 4548, 4644, 2196, 2492, 2425, 2494, 2225, 2492, 4059, 4148, 2258, 2492, 3536, 3652, 2185, 2492, 4357, 4473, 2228, 2492, 1616, 1649, 2111, 2492, 3165, 3324, 2147, 2492, 4293, 4435, 2208, 2492, 28477, 29340, 2222, 2492, 1159, 1219, 2046, 2492, 14702, 15033, 2191, 2492, 7609, 7712, 2312, 2492, 3566, 3639, 2266, 2492, 11919, 12218, 2222, 2492, 2657, 2691, 2257, 2492, 
JEdit, 3015, 3052, 4404, 4644, 4911, 5426, 4237, 4644, 4041, 4090, 4352, 4644, 2550, 2585, 4357, 4644, 2355, 2492, 4357, 4644, 4548, 4644, 4548, 4644, 2425, 2494, 4398, 4644, 4059, 4148, 4393, 4644, 3536, 3652, 4413, 4644, 4357, 4473, 4413, 4644, 1616, 1649, 4375, 4644, 3165, 3324, 4432, 4644, 4293, 4435, 4430, 4644, 28477, 29340, 4426, 4644, 1159, 1219, 4328, 4644, 14702, 15033, 4396, 4644, 7609, 7712, 4477, 4644, 3566, 3639, 4392, 4644, 11919, 12218, 4412, 4644, 2657, 2691, 4450, 4644, 
JFreeChart, 3015, 3052, 2313, 2494, 4911, 5426, 2182, 2494, 4041, 4090, 2320, 2494, 2550, 2585, 2402, 2494, 2355, 2492, 2338, 2494, 4548, 4644, 2313, 2494, 2425, 2494, 2425, 2494, 4059, 4148, 2358, 2494, 3536, 3652, 2353, 2494, 4357, 4473, 2277, 2494, 1616, 1649, 2338, 2494, 3165, 3324, 2373, 2494, 4293, 4435, 2348, 2494, 28477, 29340, 2266, 2494, 1159, 1219, 2300, 2494, 14702, 15033, 2372, 2494, 7609, 7712, 2422, 2494, 3566, 3639, 2252, 2494, 11919, 12218, 2241, 2494, 2657, 2691, 2338, 2494, 
JMeter, 3015, 3052, 3965, 4148, 4911, 5426, 3604, 4148, 4041, 4090, 3807, 4148, 2550, 2585, 3845, 4148, 2355, 2492, 3830, 4148, 4548, 4644, 3884, 4148, 2425, 2494, 3875, 4148, 4059, 4148, 4059, 4148, 3536, 3652, 3847, 4148, 4357, 4473, 3850, 4148, 1616, 1649, 3817, 4148, 3165, 3324, 3806, 4148, 4293, 4435, 3919, 4148, 28477, 29340, 3902, 4148, 1159, 1219, 3740, 4148, 14702, 15033, 3891, 4148, 7609, 7712, 4017, 4148, 3566, 3639, 3859, 4148, 11919, 12218, 3932, 4148, 2657, 2691, 3972, 4148, 
JRuby, 3015, 3052, 3353, 3652, 4911, 5426, 3173, 3652, 4041, 4090, 3381, 3652, 2550, 2585, 3302, 3652, 2355, 2492, 3406, 3652, 4548, 4644, 3299, 3652, 2425, 2494, 3282, 3652, 4059, 4148, 3396, 3652, 3536, 3652, 3536, 3652, 4357, 4473, 3275, 3652, 1616, 1649, 3304, 3652, 3165, 3324, 3239, 3652, 4293, 4435, 3435, 3652, 28477, 29340, 3456, 3652, 1159, 1219, 3274, 3652, 14702, 15033, 3408, 3652, 7609, 7712, 3494, 3652, 3566, 3639, 3468, 3652, 11919, 12218, 3462, 3652, 2657, 2691, 3469, 3652, 
SQuirrel, 3015, 3052, 4274, 4473, 4911, 5426, 3907, 4473, 4041, 4090, 4099, 4473, 2550, 2585, 4261, 4473, 2355, 2492, 4163, 4473, 4548, 4644, 4118, 4473, 2425, 2494, 4234, 4473, 4059, 4148, 4239, 4473, 3536, 3652, 4200, 4473, 4357, 4473, 4357, 4473, 1616, 1649, 4183, 4473, 3165, 3324, 4155, 4473, 4293, 4435, 4215, 4473, 28477, 29340, 4268, 4473, 1159, 1219, 4027, 4473, 14702, 15033, 4192, 4473, 7609, 7712, 4327, 4473, 3566, 3639, 4191, 4473, 11919, 12218, 4112, 4473, 2657, 2691, 4271, 4473, 
Dubbo, 3015, 3052, 1541, 1649, 4911, 5426, 1439, 1649, 4041, 4090, 1508, 1649, 2550, 2585, 1521, 1649, 2355, 2492, 1480, 1649, 4548, 4644, 1487, 1649, 2425, 2494, 1551, 1649, 4059, 4148, 1570, 1649, 3536, 3652, 1537, 1649, 4357, 4473, 1535, 1649, 1616, 1649, 1616, 1649, 3165, 3324, 1530, 1649, 4293, 4435, 1555, 1649, 28477, 29340, 1565, 1649, 1159, 1219, 1502, 1649, 14702, 15033, 1534, 1649, 7609, 7712, 1589, 1649, 3566, 3639, 1502, 1649, 11919, 12218, 1545, 1649, 2657, 2691, 1568, 1649, 
Gradle, 3015, 3052, 2989, 3324, 4911, 5426, 2625, 3324, 4041, 4090, 2832, 3324, 2550, 2585, 2940, 3324, 2355, 2492, 2755, 3324, 4548, 4644, 2831, 3324, 2425, 2494, 2885, 3324, 4059, 4148, 2894, 3324, 3536, 3652, 2836, 3324, 4357, 4473, 2892, 3324, 1616, 1649, 2862, 3324, 3165, 3324, 3165, 3324, 4293, 4435, 2918, 3324, 28477, 29340, 2964, 3324, 1159, 1219, 2808, 3324, 14702, 15033, 2855, 3324, 7609, 7712, 3031, 3324, 3566, 3639, 2968, 3324, 11919, 12218, 2948, 3324, 2657, 2691, 2957, 3324, 
Groovy, 3015, 3052, 4175, 4435, 4911, 5426, 3783, 4435, 4041, 4090, 3932, 4435, 2550, 2585, 4171, 4435, 2355, 2492, 4069, 4435, 4548, 4644, 4036, 4435, 2425, 2494, 4086, 4435, 4059, 4148, 4084, 4435, 3536, 3652, 4062, 4435, 4357, 4473, 4079, 4435, 1616, 1649, 4064, 4435, 3165, 3324, 4084, 4435, 4293, 4435, 4293, 4435, 28477, 29340, 4092, 4435, 1159, 1219, 3875, 4435, 14702, 15033, 4106, 4435, 7609, 7712, 4260, 4435, 3566, 3639, 4125, 4435, 11919, 12218, 4128, 4435, 2657, 2691, 4136, 4435, 
Hive, 3015, 3052, 27698, 29340, 4911, 5426, 24451, 29340, 4041, 4090, 26675, 29340, 2550, 2585, 27214, 29340, 2355, 2492, 26441, 29340, 4548, 4644, 26605, 29340, 2425, 2494, 27415, 29340, 4059, 4148, 27198, 29340, 3536, 3652, 26480, 29340, 4357, 4473, 27306, 29340, 1616, 1649, 26923, 29340, 3165, 3324, 27244, 29340, 4293, 4435, 27766, 29340, 28477, 29340, 28477, 29340, 1159, 1219, 25734, 29340, 14702, 15033, 27644, 29340, 7609, 7712, 28172, 29340, 3566, 3639, 27559, 29340, 11919, 12218, 27651, 29340, 2657, 2691, 27890, 29340, 
Maven, 3015, 3052, 1089, 1219, 4911, 5426, 995, 1219, 4041, 4090, 1080, 1219, 2550, 2585, 1093, 1219, 2355, 2492, 1052, 1219, 4548, 4644, 1075, 1219, 2425, 2494, 1090, 1219, 4059, 4148, 1096, 1219, 3536, 3652, 1059, 1219, 4357, 4473, 1100, 1219, 1616, 1649, 1047, 1219, 3165, 3324, 1062, 1219, 4293, 4435, 1084, 1219, 28477, 29340, 1086, 1219, 1159, 1219, 1159, 1219, 14702, 15033, 1083, 1219, 7609, 7712, 1106, 1219, 3566, 3639, 1108, 1219, 11919, 12218, 1063, 1219, 2657, 2691, 1106, 1219, 
Poi, 3015, 3052, 14102, 15033, 4911, 5426, 13138, 15033, 4041, 4090, 13944, 15033, 2550, 2585, 14373, 15033, 2355, 2492, 13698, 15033, 4548, 4644, 13674, 15033, 2425, 2494, 13917, 15033, 4059, 4148, 13706, 15033, 3536, 3652, 13790, 15033, 4357, 4473, 13558, 15033, 1616, 1649, 13819, 15033, 3165, 3324, 14102, 15033, 4293, 4435, 14299, 15033, 28477, 29340, 14112, 15033, 1159, 1219, 13312, 15033, 14702, 15033, 14702, 15033, 7609, 7712, 14525, 15033, 3566, 3639, 13966, 15033, 11919, 12218, 14141, 15033, 2657, 2691, 14516, 15033, 
SpringFramework, 3015, 3052, 7427, 7712, 4911, 5426, 6498, 7712, 4041, 4090, 7006, 7712, 2550, 2585, 7255, 7712, 2355, 2492, 7260, 7712, 4548, 4644, 6975, 7712, 2425, 2494, 7214, 7712, 4059, 4148, 7310, 7712, 3536, 3652, 7224, 7712, 4357, 4473, 7033, 7712, 1616, 1649, 7195, 7712, 3165, 3324, 7427, 7712, 4293, 4435, 7402, 7712, 28477, 29340, 7297, 7712, 1159, 1219, 7027, 7712, 14702, 15033, 7239, 7712, 7609, 7712, 7609, 7712, 3566, 3639, 7412, 7712, 11919, 12218, 7376, 7712, 2657, 2691, 7467, 7712, 
Storm, 3015, 3052, 3403, 3639, 4911, 5426, 3155, 3639, 4041, 4090, 3387, 3639, 2550, 2585, 3366, 3639, 2355, 2492, 3298, 3639, 4548, 4644, 3278, 3639, 2425, 2494, 3377, 3639, 4059, 4148, 3434, 3639, 3536, 3652, 3415, 3639, 4357, 4473, 3358, 3639, 1616, 1649, 3396, 3639, 3165, 3324, 3498, 3639, 4293, 4435, 3457, 3639, 28477, 29340, 3486, 3639, 1159, 1219, 3318, 3639, 14702, 15033, 3452, 3639, 7609, 7712, 3549, 3639, 3566, 3639, 3566, 3639, 11919, 12218, 3499, 3639, 2657, 2691, 3488, 3639, 
Tomcat, 3015, 3052, 11572, 12218, 4911, 5426, 10451, 12218, 4041, 4090, 11299, 12218, 2550, 2585, 11373, 12218, 2355, 2492, 11147, 12218, 4548, 4644, 11168, 12218, 2425, 2494, 11447, 12218, 4059, 4148, 11589, 12218, 3536, 3652, 11494, 12218, 4357, 4473, 11424, 12218, 1616, 1649, 11371, 12218, 3165, 3324, 11666, 12218, 4293, 4435, 11648, 12218, 28477, 29340, 11543, 12218, 1159, 1219, 11126, 12218, 14702, 15033, 11384, 12218, 7609, 7712, 11885, 12218, 3566, 3639, 11517, 12218, 11919, 12218, 11919, 12218, 2657, 2691, 11825, 12218, 
Zookeeper, 3015, 3052, 2556, 2691, 4911, 5426, 2295, 2691, 4041, 4090, 2503, 2691, 2550, 2585, 2459, 2691, 2355, 2492, 2391, 2691, 4548, 4644, 2413, 2691, 2425, 2494, 2497, 2691, 4059, 4148, 2560, 2691, 3536, 3652, 2473, 2691, 4357, 4473, 2511, 2691, 1616, 1649, 2482, 2691, 3165, 3324, 2546, 2691, 4293, 4435, 2498, 2691, 28477, 29340, 2560, 2691, 1159, 1219, 2431, 2691, 14702, 15033, 2452, 2691, 7609, 7712, 2605, 2691, 3566, 3639, 2586, 2691, 11919, 12218, 2578, 2691, 2657, 2691, 2657, 2691, 
